name,surname,email
Rita,Ghilardi,rita.ghilardi@gold1.com
Pietro,Belligoli,pietro.belligoli@gold1.com
Francesca,Signorello,francesca.signorello@gold1.com
Alessandro,Bonetto,alessandro.bonetto@gold1.com
Marco,Visentin,marco.visentin@gold1.com